"country","gender_inequality_index","maternal_mortality_ratio","adolescent_birth_rate","parliament_female","secondary_educ_female","secondary_educ_male","labor_force_participation_female","labor_force_participation_male","life_expectancy_female","life_expectancy_male","schooling_expected_female","schooling_expected_male","schooling_mean_female","schooling_mean_male","gni_per_capita_female","gni_per_capita_male","hdi","life_expectancy","schooling_expected","schooling_mean","gni_per_capita","std_schooling_expected"
"Switzerland",1.8,5,2.2,39.8,96.9,97.5,61.7,72.7,85.9,82,16.4,16.6,13.5,14.2,54597,79451,96.2,84,16.5,13.9,66933,0.979442026889531
"Norway",1.6,2,2.3,45,99.1,99.3,60.3,72,84.9,81.6,18.9,17.5,13.1,12.9,54699,74445,96.1,83.2,18.2,13,64660,1.56270752404814
"Iceland",4.3,4,5.4,47.6,99.8,99.7,61.7,70.5,84.2,81.2,20.3,18.1,13.9,13.7,47136,64004,95.9,82.7,19.2,13.8,55782,1.90580487531791
"Australia",7.3,6,8.1,37.9,94.6,94.4,61.1,70.5,85.8,83.2,21.8,20.3,12.8,12.6,37486,61161,95.1,84.5,21.1,12.7,49238,2.55768984273048
"Denmark",1.3,4,1.9,39.7,95.1,95.2,57.7,66.7,83.3,79.5,19.3,18.1,13.2,12.8,49876,70961,94.8,81.4,18.7,13,60365,1.73425619968303
"Sweden",2.3,4,3.3,47,91.8,92.2,61.7,68,84.9,81.1,20.5,18.3,12.8,12.4,49580,59326,94.7,83,19.4,12.6,54489,1.97442434557187
"Ireland",7.4,5,5.9,27.3,88.1,86,56.5,68.6,83.8,80.2,19.2,18.6,11.8,11.4,61104,91506,94.5,82,18.9,11.6,76169,1.80287566993698
"Germany",7.3,7,7.5,34.8,96.1,96.5,56.8,66,83.2,78.1,17,17,13.8,14.3,46150,63143,94.2,80.6,17,14.1,54534,1.15099070252442
"Netherlands",2.5,5,2.8,39.1,89.8,92.7,62.4,71.3,83.4,80,19,18.4,12.4,12.8,46301,65778,94.1,81.7,18.7,12.6,55979,1.73425619968303
"Finland",3.3,3,4.2,46,99,98.5,56.5,64,84.7,79.3,19.9,18.3,13,12.7,41698,57394,94,82,19.1,12.9,49452,1.87149514019094
"Singapore",4,8,2.6,29.8,80.5,85.9,59.4,76.8,84.9,80.6,16.7,16.4,11.6,12.3,75094,105348,93.9,82.8,16.5,11.9,90919,0.979442026889531
"Belgium",4.8,5,5.3,42.9,87.2,89.7,49.8,58.8,84.3,79.4,20.7,18.5,12.3,12.4,42533,62295,93.7,81.9,19.6,12.4,52293,2.04304381582582
"New Zealand",8.8,9,12.6,49.2,82,81.8,65.1,75.3,84.3,80.6,20.8,19.7,12.9,13,36864,51377,93.7,82.5,20.3,12.9,44057,2.28321196171466
"Canada",6.9,10,7,34.4,100,100,60.8,69.7,84.7,80.6,16.9,15.9,13.9,13.7,38652,55065,93.6,82.7,16.4,13.8,46808,0.945132291762554
"Luxembourg",4.4,5,4.3,35,100,100,58.5,65.5,84.8,80.4,14.4,14.4,13,13,70117,98991,93,82.6,14.4,13,84649,0.258937589223011
"United Kingdom",9.8,7,10.5,31.1,99.8,99.8,58,67.1,82.8,78.7,17.8,16.8,13.4,13.4,37374,53265,92.9,80.7,17.3,13.4,45225,1.25391990790535
"Japan",8.3,5,2.9,14.2,95.9,92.7,53.3,71,87.7,81.8,15.2,15.2,13.3,13.4,30621,54597,92.5,84.8,15.2,13.4,42274,0.533415470238828
"Korea (Republic of)",6.7,11,2.2,19,83.1,93.1,53.4,72.4,86.8,80.4,16.1,16.9,11.9,13.2,29300,59737,92.5,83.7,16.5,12.5,44501,0.979442026889531
"United States",17.9,19,16,27,96.5,96.4,55.2,66.4,80.2,74.3,16.9,15.6,13.7,13.6,51539,78238,92.1,77.2,16.3,13.7,64765,0.910822556635577
"Israel",8.3,3,7.6,28.3,91.6,93.7,58.5,66.1,84.3,80.2,16.7,15.4,13.4,13.3,34960,48126,91.9,82.3,16.1,13.3,41524,0.842203086381623
"Malta",16.7,6,11.5,13.4,82.2,88.1,53.1,71.4,86.1,81.4,17.4,16.3,12,12.4,30282,46821,91.8,83.8,16.8,12.2,38884,1.08237123227046
"Slovenia",7.1,7,4.5,21.5,97.6,98.7,53.8,62.2,83.8,77.6,18.4,16.9,12.8,12.8,33038,46386,91.8,80.7,17.7,12.8,39746,1.39115884841326
"Austria",5.3,5,5.5,39.3,100,100,55.5,66.3,84.1,79,16.4,15.6,12,12.6,43414,64148,91.6,81.6,16,12.3,53619,0.807893351254645
"United Arab Emirates",4.9,3,3.1,50,82,85.6,46.5,88,80.9,77.2,16.5,15.2,12.5,12.8,28921,77318,91.1,78.7,15.7,12.7,62574,0.704964145873713
"Spain",5.7,4,6.3,42.3,78.5,83.2,52.7,62.4,85.8,80.2,18.4,17.4,10.5,10.7,31213,45784,90.5,83,17.9,10.6,38354,1.45977831866721
"France",8.3,8,9.5,37.8,83.5,87.9,51.9,59.7,85.5,79.4,16.2,15.5,11.4,11.8,38403,53988,90.3,82.5,15.8,11.6,45937,0.739273881000691
"Cyprus",12.3,6,6.8,14.3,81.1,84.8,56.6,68.8,83.2,79.2,15.7,15.6,12.4,12.5,30617,45735,89.6,81.2,15.6,12.4,38188,0.670654410746736
"Italy",5.6,2,4,35.3,78.6,86.1,39.9,57.6,85.1,80.5,16.6,15.9,10.6,10.9,31100,55187,89.5,82.9,16.2,10.7,42840,0.876512821508599
"Estonia",10,9,8.8,25.7,97.6,98.1,57.5,70.2,81.2,72.8,16.8,15.1,13.8,13.3,30995,45866,89,77.1,15.9,13.5,38048,0.773583616127668
"Czechia",12,3,9.7,22.1,99.8,99.8,51.7,68.1,80.9,74.7,16.8,15.7,12.7,13,30455,47289,88.9,77.7,16.2,12.9,38745,0.876512821508599
"Greece",11.9,3,8.5,21.7,69.9,77.8,43.3,58.1,82.9,77.5,20.1,20,11.1,11.7,22890,35368,88.7,80.1,20,11.4,29002,2.18028275633373
"Poland",10.9,2,9.7,27.5,86.5,90.7,49.2,65.5,80.4,72.6,16.8,15.3,13.3,13,25261,41336,87.6,76.5,16,13.2,33034,0.807893351254645
"Bahrain",18.1,14,8.7,18.8,79.9,83.1,42.4,83.5,80,77.8,17,15.9,10.8,11.2,16786,53359,87.5,78.8,16.3,11,39497,0.910822556635577
"Lithuania",10.5,8,10.4,27.7,95.5,97.9,57.3,67.9,78.8,68.8,16.7,15.9,13.6,13.4,33891,42500,87.5,73.7,16.3,13.5,37931,0.910822556635577
"Saudi Arabia",24.7,17,11.9,19.9,71.3,80.9,30.9,80.1,78.8,75.6,16.2,16.1,10.7,11.7,20678,64708,87.5,76.9,16.1,11.3,46112,0.842203086381623
"Portugal",6.7,8,7.4,40,59.7,61.9,54,62.2,84.1,77.8,17,16.7,9.6,9.5,28713,38127,86.6,81,16.9,9.6,33155,1.11668096739744
"Latvia",15.1,19,11.2,29,99.7,99.3,54.5,66.8,77.8,69.2,16.8,15.6,13.6,12.9,27882,38506,86.3,73.6,16.2,13.3,32803,0.876512821508599
"Croatia",9.3,8,8.6,31.1,97,100,45.9,58.8,81.1,74.2,15.9,14.4,11.9,12.5,23888,36713,85.8,77.6,15.1,12.2,30132,0.499105735111851
"Chile",18.7,13,24.1,32.7,80.3,83.5,44.2,65.5,81.4,76.5,17,16.5,10.8,11,17553,31677,85.5,78.9,16.7,10.9,24563,1.04806149714349
"Qatar",22,9,7.1,4.4,79.8,69.6,57.2,95.5,80.9,78.3,14.5,12.1,11.6,9.6,42101,104066,85.5,79.3,12.6,10,87134,-0.358637643062579
"Slovakia",18,5,26.3,22.7,98.9,99.2,54.7,66.4,78.4,71.5,15,14,12.9,13,24849,36813,84.8,74.9,14.5,12.9,30690,0.293247324349988
"Hungary",22.1,12,22.1,13.1,97.6,98.8,52.1,67.2,77.9,71.1,15.3,14.8,12.1,12.4,25909,40262,84.6,74.5,15,12.2,32789,0.464795999984873
"Argentina",28.7,39,39.1,44.4,71,71.4,50,71.6,78.6,72.2,19.2,16.6,11.4,10.9,15581,26376,84.2,75.4,17.9,11.1,20925,1.45977831866721
"Türkiye",27.2,17,16.9,17.3,56.3,75.9,31.8,69.4,79.1,73,17.9,18.8,7.9,9.4,19079,42929,83.8,76,18.3,8.6,31033,1.59701725917512
"Montenegro",11.9,6,10.4,24.7,92.3,99.2,47.8,62,79.8,73,15.6,14.6,11.8,12.6,15935,26001,83.2,76.3,15.1,12.2,20839,0.499105735111851
"Kuwait",30.5,12,5.6,1.5,60.9,55.2,47.4,83.8,81.5,77.2,17,13.9,8.1,6.9,28086,68827,83.1,78.7,15.3,7.3,52920,0.567725205365805
"Brunei Darussalam",25.9,31,10,9.1,70.4,71.2,54.1,72.3,76.9,72.6,14.4,13.5,9.2,9.2,47579,80261,82.9,74.6,14,9.2,64490,0.121698648715102
"Russian Federation",20.3,17,15,16.5,92.8,95.9,54.5,69.7,74.8,64.2,16,15.6,12.8,12.8,21857,33288,82.2,69.4,15.8,12.8,27166,0.739273881000691
"Romania",28.2,19,36.4,18.5,88.8,93.7,42.8,62.3,77.9,70.6,14.7,13.8,11,11.6,24554,35874,82.1,74.2,14.2,11.3,30027,0.190318118969056
"Oman",30,19,9.9,9.9,96.6,99.9,28.7,85,74.7,71,15,14.5,12.1,11.4,7169,39717,81.6,72.5,14.6,11.7,27054,0.327557059476965
"Bahamas",32.9,70,25.7,20,87,89.9,65.6,71.5,NA,NA,NA,NA,NA,NA,NA,NA,81.2,71.6,12.9,12.6,30486,-0.255708437681647
"Kazakhstan",16.1,10,21.9,24.5,99.8,100,63.3,75.5,73.1,65.5,16,15.5,12.4,12.3,18976,29305,81.1,69.4,15.8,12.3,23943,0.739273881000691
"Trinidad and Tobago",34.4,67,38.1,32.4,84.8,80.6,46.7,68,76.4,69.7,14.8,14.2,11.7,11.5,16794,30166,81,73,14.5,11.6,23392,0.293247324349988
"Costa Rica",25.6,27,37.1,45.6,56.2,54.5,47.5,71.1,79.8,74.4,17.1,16,8.9,8.7,16568,23376,80.9,77,16.5,8.8,19974,0.979442026889531
"Uruguay",23.5,17,36.2,26.2,59.6,55.5,54.8,69.3,79.3,71.7,17.3,15.4,9.3,8.7,17125,25680,80.9,75.4,16.8,9,21269,1.08237123227046
"Belarus",10.4,2,11.9,34.7,97.5,99,57.3,71.4,77.7,67.3,15.3,15,12.2,12.1,15158,23165,80.8,72.4,15.2,12.1,18849,0.533415470238828
"Panama",39.2,52,69.9,22.5,70.2,68.7,50.4,72.6,79.6,73,13.6,12.5,10.8,10.3,23380,30531,80.5,76.2,13.1,10.5,26957,-0.187088967427693
"Malaysia",22.8,29,9.3,14.9,75,78.4,51.2,77.6,77.4,72.7,13.8,12.9,10.6,10.7,20672,32380,80.3,74.9,13.3,10.6,26658,-0.118469497173738
"Georgia",28,25,31.7,19.3,97.1,98.3,51,68,76.7,66.8,15.9,15.2,12.9,12.8,11285,18472,80.2,71.7,15.6,12.8,14664,0.670654410746736
"Mauritius",34.7,61,24.6,20,64.4,70.8,43.4,70.4,76.8,70.4,15.9,14.5,10,10.9,15016,29221,80.2,73.6,15.2,10.4,22025,0.533415470238828
"Serbia",13.1,12,14.9,39.2,88.6,95.3,46.6,62.3,77.2,71.2,15,13.9,11,11.8,15306,23270,80.2,74.2,14.4,11.4,19123,0.258937589223011
"Thailand",33.3,37,32.7,13.9,47.6,51.7,59,75,83,74.5,16.2,15.6,8.6,8.8,15457,18694,80,78.7,15.9,8.7,17030,0.773583616127668
"Albania",14.4,15,14.5,35.7,95.4,93,50.7,66.2,79.2,74.1,15.3,13.7,11.7,10.9,11637,16630,79.6,76.5,14.4,11.3,14131,0.258937589223011
"Bulgaria",21,10,38.6,23.8,94.9,96.5,49.1,62.6,75.5,68.4,14.2,13.6,11.5,11.3,18109,28357,79.5,71.8,13.9,11.4,23079,0.0873889135881246
"Barbados",26.8,27,42.3,29.4,95.4,86,56.1,63.7,79.4,75.6,17.7,13.8,10.3,9.1,10235,14555,79,77.6,15.7,9.9,12306,0.704964145873713
"Sri Lanka",38.3,36,15.7,5.4,84,84.2,30.9,68.5,79.5,73.1,14.5,13.8,10.8,10.8,7005,18573,78.2,76.4,14.1,10.8,12578,0.156008383842079
"Bosnia and Herzegovina",13.6,10,9.9,24.6,82.7,94,32.3,52.4,77.5,73.1,14.1,13.5,9.8,11.4,10709,19917,78,75.3,13.8,10.5,15242,0.0530791784611475
"Iran (Islamic Republic of)",45.9,16,30.2,5.6,71.6,76,14.4,68.1,76.8,71.2,14.7,14.5,10.6,10.7,3767,22041,77.4,73.9,14.6,10.6,13001,0.327557059476965
"Ukraine",20,19,15.6,20.8,96.2,95.8,48.1,63.6,76.7,66.5,15,14.9,11.5,10.7,10370,16605,77.3,71.6,15,11.1,13256,0.464795999984873
"North Macedonia",13.4,7,16.4,41.7,61.9,75.1,42.4,63.4,76.2,71.7,13.9,13.4,9.7,10.8,11147,20716,77,73.8,13.6,10.2,15918,-0.0155402917928072
"China",19.2,29,11,24.9,78.3,85.4,61.6,74.3,81.2,75.5,14.8,13.7,7.3,7.9,13980,20883,76.8,78.2,14.2,7.6,17504,0.190318118969056
"Dominican Republic",42.9,95,65.6,25.7,77.4,76.9,49.6,75.2,76.3,69.3,15.4,13.6,9.6,9,13695,22248,76.7,72.6,14.5,9.3,17990,0.293247324349988
"Moldova (Republic of)",20.5,19,27.8,39.6,96.1,98,33.9,43.9,73.5,64.4,14.8,14.1,11.9,11.8,12087,17961,76.7,68.8,14.4,11.8,14875,0.258937589223011
"Cuba",30.3,36,48.8,53.4,89.5,91.9,40.3,68.5,76.4,71.2,15.1,13.8,12.6,12.4,5103,10693,76.4,73.7,14.4,12.5,7879,0.258937589223011
"Peru",38,88,56.8,40,59.3,69.9,66.1,81.9,74.7,70.1,15.2,15.5,9.3,10.5,9813,14727,76.2,72.4,15.4,9.9,12246,0.602034940492782
"Armenia",21.6,26,18.5,33.6,96,97.1,42.7,63,77.4,66.6,13.8,12.5,11.3,11.3,8736,18558,75.9,72,13.1,11.3,13158,-0.187088967427693
"Mexico",30.9,33,54.4,49.8,65.1,66.7,43.8,75.4,74.9,66.1,15.2,14.5,9.1,9.4,12456,23600,75.8,70.2,14.9,9.2,17896,0.430486264857896
"Brazil",39,60,45.2,14.8,62.4,59.1,49.1,68.2,76,69.6,16,15.2,8.3,7.9,10903,17960,75.4,72.8,15.6,8.1,14370,0.670654410746736
"Colombia",42.4,83,59,19.6,58.9,56.5,52.2,78,76.4,69.4,14.7,14.2,9,8.7,10281,18599,75.2,72.8,14.4,8.9,14384,0.258937589223011
"Saint Vincent and the Grenadines",39,68,47.9,18.2,44.1,39.6,52.9,74.1,72.4,67.4,14.9,14.5,10.9,10.7,8720,15075,75.1,69.6,14.7,10.8,11961,0.361866794603942
"Maldives",34.8,53,7.3,4.6,46.4,41.5,34.3,67.5,81,79.1,14.2,11.9,7.1,7.5,6359,22119,74.7,79.9,12.6,7.3,15448,-0.358637643062579
"Algeria",49.9,112,11.7,7.5,46,56.9,15.7,64.5,78,74.9,15.3,14,7.7,8.4,3550,17787,74.5,76.4,14.6,8.1,10800,0.327557059476965
"Azerbaijan",29.4,26,40.1,18.2,93.6,97.6,60.4,67.3,73.3,65.6,13.6,13.4,10.2,10.9,10536,18076,74.5,69.4,13.5,10.5,14257,-0.0498500269197843
"Tonga",63.1,52,19,0,93.5,93.1,37.3,55.3,73.7,68.4,16.3,15.7,11.5,11.2,4842,8845,74.5,71,16,11.4,6822,0.807893351254645
"Turkmenistan",17.7,7,21.8,25,93.5,92.2,36.5,55.6,72.7,65.9,13,13.4,10.9,11.6,9227,16884,74.5,69.3,13.2,11.3,13021,-0.152779232300716
"Ecuador",36.2,59,63.2,39.4,53,52,53.3,76.5,77.5,70.3,14.9,14.3,8.8,8.8,7451,13180,74,73.7,14.6,8.8,10312,0.327557059476965
"Mongolia",31.3,45,26.7,17.1,79.3,73,51.5,66.6,75.7,66.5,15.6,14.4,9.9,8.8,8541,12666,73.9,71,15,9.4,10588,0.464795999984873
"Egypt",44.3,37,44.8,22.9,81.6,76.6,15.4,67.1,72.6,67.9,13.8,13.7,9.8,9.4,3536,19741,73.1,70.2,13.8,9.6,11732,0.0530791784611475
"Tunisia",25.9,43,6.7,26.3,42.9,51.8,25.5,67.2,77.1,70.7,16.5,14.5,6.9,8,4870,15778,73.1,73.8,15.4,7.4,10258,0.602034940492782
"Fiji",31.8,34,26.8,21.6,90.2,87.9,37.7,75.3,68.9,65.4,15,14.5,11,10.8,5664,14270,73,67.1,14.7,10.9,9980,0.361866794603942
"Suriname",42.7,120,56.1,29.4,69.9,70.7,43.4,65.1,73.6,67.2,14.2,11.9,9.9,9.6,8866,16506,73,70.3,13,9.8,12672,-0.22139870255467
"Uzbekistan",22.7,29,15.9,28.7,99.9,100,44.9,70.9,73.4,68.3,12.4,12.6,11.7,12.1,5427,10403,72.7,70.9,12.5,11.9,7917,-0.392947378189556
"Jordan",47.1,46,25.4,11.8,77.4,84.2,13.5,62.3,76.8,72.1,10.8,10.5,10.1,10.8,3778,15631,72,74.3,10.6,10.4,9924,-1.04483234560212
"Libya",25.9,72,6.9,16,70.5,45.1,34.1,61,74.4,69.6,13.1,12.6,8.5,7.2,9570,20960,71.8,71.9,12.9,7.6,15336,-0.255708437681647
"Paraguay",44.5,84,70.3,16.8,52.5,54,59.6,84.2,73.4,67.4,13.6,12.4,8.9,8.9,9410,15265,71.7,70.3,13,8.9,12349,-0.22139870255467
"Saint Lucia",38.1,117,36.9,24.1,49.9,43.8,63.2,73.2,74.7,67.8,13.4,12.4,8.8,8.3,9991,14147,71.5,71.1,12.9,8.5,12048,-0.255708437681647
"Guyana",45.4,169,66.6,35.7,69.5,62.2,40.3,64.1,69.1,62.5,12.8,12.2,8.7,8.5,14735,30534,71.4,65.7,12.5,8.6,22465,-0.392947378189556
"South Africa",40.5,119,61.2,46,68.9,87.7,46.2,59.9,65,59.5,14,13.3,9.7,12.2,9935,16129,71.3,62.3,13.6,11.4,12948,-0.0155402917928072
"Jamaica",33.5,80,32.8,31,74.3,66.4,56.1,70,72.5,68.5,13.7,13.1,9.7,8.5,6982,10715,70.9,70.5,13.4,9.2,8834,-0.0841597620467613
"Samoa",41.8,43,43.6,7.8,79.1,71.6,30.7,54.2,75.5,70.3,13,11.9,11.8,11,3223,7312,70.7,72.8,12.4,11.4,5308,-0.427257113316533
"Gabon",54.1,252,91.2,18.7,67.2,84,39.1,57,68.5,63.5,12.6,13.4,7.8,10.5,9376,17212,70.6,65.8,13,9.4,13367,-0.22139870255467
"Lebanon",43.2,29,20.3,4.7,54.3,55.6,20.8,64.3,77.3,72.8,11.1,11.5,8.5,8.9,3815,15586,70.6,75,11.3,8.7,9526,-0.804664199713282
"Indonesia",44.4,177,33.9,21,51,58.2,53.7,81.7,69.7,65.5,13.8,13.7,8.2,8.9,7906,14976,70.5,67.6,13.7,8.6,11466,0.0187694433341699
"Viet Nam",29.6,43,34.6,30.3,61.3,69.6,69.6,79.4,78.2,69.1,13.2,12.7,8,8.7,6932,8826,70.3,73.6,13,8.4,7867,-0.22139870255467
"Philippines",41.9,121,48.2,28,73.4,69.1,43.8,68.3,71.5,67.2,13.5,12.8,9.2,8.7,7487,10311,69.9,69.3,13.1,9,8920,-0.187088967427693
"Botswana",46.8,144,49.3,10.8,91.3,91.8,56.3,65.1,63.6,58.7,12.4,12.2,10.3,10.4,13839,18618,69.3,61.1,12.3,10.3,16198,-0.46156684844351
"Bolivia (Plurinational State of)",41.8,155,63.8,48.2,60.1,69.7,68.3,83.8,66.8,60.9,14.9,15,9.2,10.5,6856,9359,69.2,63.6,14.9,9.8,8111,0.430486264857896
"Kyrgyzstan",37,60,34.7,20.5,100,99.8,42.1,71.7,74.4,65.8,13.4,13,11.6,11.1,2863,6331,69.2,70,13.2,11.4,4566,-0.152779232300716
"Venezuela (Bolivarian Republic of)",49.2,125,82.7,22.2,79.8,75.4,34.3,67.8,75.2,66.3,13.8,11.8,11.4,10.8,2866,6796,69.1,70.6,12.8,11.1,4811,-0.290018172808624
"Iraq",55.8,79,62.2,28.9,42,52.9,11.1,71.8,72.4,68.2,11.5,12.7,7.2,8.4,2184,17748,68.6,70.4,12.1,7.9,9977,-0.530186318697465
"Tajikistan",28.5,17,45.4,23.4,93.5,94.6,30.2,50.5,73.7,69.6,11.2,12.1,10.9,11.8,2980,6096,68.5,71.6,11.7,11.3,4548,-0.667425259205374
"Belize",36.4,36,57.1,19.6,54.5,49.8,46.9,76.8,74.3,67.1,13.3,12.7,9,8.7,4249,8345,68.3,70.5,13,8.8,6309,-0.22139870255467
"Morocco",42.5,70,25.9,20.4,30.9,37.1,22,66,76.4,71.9,13.9,14.4,5,6.9,3194,11356,68.3,74,14.2,5.9,7303,0.190318118969056
"El Salvador",37.6,46,55.9,27.4,42.7,51.4,43.6,72.6,75.1,66.1,12.7,12.6,6.8,7.6,5824,11015,67.5,70.7,12.7,7.2,8296,-0.324327907935602
"Nicaragua",42.4,98,85.6,50.5,51.2,49.7,46.8,81.3,76.8,70.8,12.7,12.6,7.4,6.8,3646,7661,66.7,73.8,12.6,7.1,5625,-0.358637643062579
"Bhutan",41.5,183,19,16.7,23.6,32.3,51.6,67.4,73.8,70.1,13.6,12.8,4.5,5.8,6671,11896,66.6,71.8,13.2,5.2,9438,-0.152779232300716
"Cabo Verde",34.9,58,55.2,38.9,28.8,31.2,46.9,61.7,78.5,69.6,12.8,12.3,6,6.6,4682,7796,66.2,74.1,12.6,6.3,6230,-0.358637643062579
"Bangladesh",53,173,75.5,20.9,50.6,58.5,34.9,78.8,74.3,70.6,13,11.9,6.8,8,2811,8176,66.1,72.4,12.4,7.4,5472,-0.427257113316533
"India",49,133,17.2,13.4,41.8,53.8,19.2,70.1,68.9,65.8,11.9,11.8,6.3,7.2,2277,10633,63.3,67.2,11.9,6.7,6590,-0.598805788951419
"Ghana",52.9,308,64.2,14.5,58,73.2,64.5,72.2,66,61.6,12.1,12,7.8,9,4723,6771,63.2,63.8,12,8.3,5745,-0.564496053824442
"Guatemala",48.1,95,64.1,19.4,29.5,35.8,37.4,80.3,72.7,66,10.5,10.6,5.2,6.2,4909,12614,62.7,69.2,10.6,5.7,8723,-1.04483234560212
"Honduras",43.1,65,72,27.3,35.8,44.8,42.3,78.9,72.5,67.9,10.4,9.9,6.8,7.4,4271,6304,62.1,70.1,10.1,7.1,5298,-1.21638102123701
"Sao Tome and Principe",49.4,130,79.4,23.6,39.9,48.4,37.1,69.9,70.4,65.2,13.5,13.3,5.6,6.8,2415,5635,61.8,67.6,13.4,6.2,4021,-0.0841597620467613
"Namibia",44.5,195,64.9,35.6,41.5,44.1,54.5,62.2,63,55.7,11.9,11.9,7.5,6.9,7271,10094,61.5,59.3,11.9,7.2,8634,-0.598805788951419
"Lao People's Democratic Republic",47.8,185,73.2,22,37.7,47.7,74.8,78.1,70.1,66.2,9.9,10.3,5,5.8,6757,8627,60.7,68.1,10.1,5.4,7700,-1.21638102123701
"Timor-Leste",37.8,142,33.9,38.5,33.7,41.8,61,72.2,69.5,66.1,12.2,13,4.7,6.2,3642,5248,60.7,67.7,12.6,5.4,4461,-0.358637643062579
"Nepal",45.2,186,63.8,33.6,28.8,44.7,78.7,80.8,70.4,66.6,12.9,12.8,4.2,6.2,3677,4095,60.2,68.4,12.9,5.1,3877,-0.255708437681647
"Eswatini (Kingdom of)",54,437,69.9,18.4,34,36.2,45.6,53.6,61.2,53.4,13.2,14.2,5.7,5.5,6384,8993,59.7,57.1,13.7,5.6,7679,0.0187694433341699
"Cambodia",46.1,160,45.5,19.8,18.3,31.7,74,85.9,72.3,66.8,11,11.9,4.4,5.9,3464,4706,59.3,69.6,11.5,5.1,4079,-0.736044729459328
"Zimbabwe",53.2,458,94.3,34.6,61.8,72.4,79.3,88.9,62,56.2,12,12.3,8.3,9.2,3286,4397,59.3,59.3,12.1,8.7,3810,-0.530186318697465
"Angola",53.7,241,138.4,29.5,28.2,51.5,74,79.1,64.3,59,11.5,12.9,4.2,6.9,4751,6197,58.6,61.6,12.2,5.4,5466,-0.495876583570488
"Myanmar",49.8,250,33,15,38.5,47.8,41,70,69,62.5,11.1,10.7,6.1,6.7,2619,5093,58.5,65.7,10.9,6.4,3851,-0.941903140221191
"Syrian Arab Republic",47.7,31,38.7,11.2,37.1,43.4,15.7,70.8,75.2,69.1,9.1,9.2,4.6,5.6,1285,7088,57.7,72.1,9.2,5.1,4192,-1.5251686373798
"Cameroon",56.5,529,110.4,31.1,36.8,55,70.2,80.7,62,58.7,12.4,13.8,4.8,7.5,2981,4264,57.6,60.3,13.1,6.2,3621,-0.187088967427693
"Kenya",50.6,342,64.2,23.2,31.1,37.7,71,75.6,64.1,58.9,10.3,11.1,6.1,7.3,3873,5084,57.5,61.4,10.7,6.7,4474,-1.01052261047515
"Congo",56.4,378,103.6,13.6,48,52,65.1,67.6,64.9,62.1,12.2,12.4,5.6,6.8,2532,3247,57.1,63.5,12.3,6.2,2889,-0.46156684844351
"Zambia",54,213,117,15.1,47.1,56.8,69.2,77.8,63.9,58.5,10.9,11,7.2,7.2,2615,3837,56.5,61.2,10.9,7.2,3218,-0.941903140221191
"Papua New Guinea",72.5,145,55.3,0,10.8,15.5,46.3,48.1,68.4,62.9,9.8,10.9,4.1,5.4,3543,4445,55.8,65.4,10.4,4.7,4009,-1.11345181585608
"Mauritania",63.2,766,78,20.3,14.5,21.9,27.4,62.2,66.1,62.7,9.6,9.2,4.6,5.3,2604,7650,55.6,64.4,9.4,4.9,5075,-1.45654916712585
"Côte d'Ivoire",61.3,617,105,15.6,23.9,32.2,45.9,64.9,59.9,57.4,10,11.3,4.7,5.7,3763,6643,55,58.6,10.7,5.2,5217,-1.01052261047515
"Tanzania (United Republic of)",56,524,123.7,36.9,13,19.1,79.5,87.1,68.3,64.2,9.3,9.1,5.9,6.9,2247,3092,54.9,66.2,9.2,6.4,2664,-1.5251686373798
"Pakistan",53.4,140,42.3,19.9,22.1,28.7,20.7,78.1,68.6,63.8,8.1,9.2,3.9,5,1569,7620,54.4,66.1,8.7,4.5,4624,-1.69671731301469
"Togo",58,396,77.9,18.7,13.9,42.3,55.5,59.4,62.4,60.8,12.2,14.3,3.4,6.8,1885,2446,53.9,61.6,13,5,2167,-0.22139870255467
"Haiti",63.5,480,52.5,2.7,27.9,41,60.7,68.9,66.1,60.4,9,10.4,4.6,6.8,2408,3295,53.5,63.2,9.7,5.6,2848,-1.35361996174492
"Nigeria",68,917,101.7,4.5,40.4,55.3,47.9,59.6,53.1,52.3,9.6,10.8,6.1,8.2,3759,5800,53.5,52.7,10.1,7.2,4790,-1.21638102123701
"Rwanda",38.8,248,32.4,55.7,11.4,16.3,82.5,82.2,68.2,63.8,11.2,11.2,4,4.9,1990,2440,53.4,66.1,11.2,4.4,2210,-0.83897393484026
"Benin",60.2,397,92.3,8.4,21.1,34.4,69.3,72.6,61.4,58.2,9.9,11.6,3.3,5.4,2998,3819,52.5,59.8,10.8,4.3,3409,-0.976212875348168
"Uganda",53,375,107.9,33.8,29.3,36.3,64.2,71.3,64.9,60.4,10.2,10.1,4.9,6.7,1877,2492,52.5,62.7,10.1,5.7,2181,-1.21638102123701
"Lesotho",55.7,544,89.6,22.9,27.2,24.6,56.1,71.3,55.9,50.4,12.4,11.7,6.6,6,2107,3310,51.4,53.1,12,6,2700,-0.564496053824442
"Malawi",55.4,349,117.9,22.9,21.3,28.4,71.6,80,66.5,59.5,12.8,12.5,4.1,4.7,1232,1713,51.2,62.9,12.7,4.5,1466,-0.324327907935602
"Senegal",53,315,66.5,43,11.1,30.9,33.5,56.7,69.3,64.8,9.5,8.5,1.6,4.5,2258,4468,51.1,67.1,9,2.9,3344,-1.59378810763376
"Sudan",55.3,295,79.9,31,16.4,20.1,28.7,67.8,67.9,62.7,7.7,8.1,3.4,4.2,1833,5320,50.8,65.3,7.9,3.8,3575,-1.97119519403051
"Madagascar",55.6,335,119.4,17.2,27.3,29.8,81.5,87.6,66.9,62.2,10.2,10.1,4.9,5.3,1284,1682,50.1,64.5,10.1,5.1,1484,-1.21638102123701
"Gambia",61.1,597,63.2,8.6,29.9,43.2,48.9,66.3,63.5,60.7,10.3,8.5,3.8,5.6,1649,2701,50,62.1,9.4,4.6,2172,-1.45654916712585
"Ethiopia",52,401,69.2,39.5,9.1,20.1,72.3,84.7,68.3,61.9,9.8,9.6,2.2,4.2,1944,2774,49.8,65,9.7,3.2,2361,-1.35361996174492
"Guinea-Bissau",62.7,667,87.5,13.7,9.8,22.8,63.9,78.4,61.8,57.4,10,11.2,2.4,4.9,1561,2264,48.3,59.7,10.6,3.6,1908,-1.04483234560212
"Liberia",64.8,661,123.4,9.7,20.8,39.2,69.8,79.7,62.1,59.4,10.1,10.8,3.9,6.3,1062,1518,48.1,60.7,10.4,5.1,1289,-1.11345181585608
"Congo (Democratic Republic of the)",60.1,473,109,14.3,40.3,69.1,61.2,69.1,61.5,57,9.6,10.1,5.6,8.5,896,1259,47.9,59.2,9.8,7,1076,-1.31931022661794
"Afghanistan",67.8,638,82.6,27.2,6.4,14.9,14.8,66.5,65.3,58.9,7.7,12.7,2.3,3.4,533,3089,47.8,62,10.3,3,1824,-1.14776155098305
"Sierra Leone",63.3,1120,100.9,12.3,34.7,51.5,56.1,55.9,61.4,58.8,9.6,9.9,3.5,5.8,1453,1789,47.7,60.1,9.6,4.6,1622,-1.38792969687189
"Guinea",62.1,576,114.8,16.7,7.2,19.7,62.1,62.2,60.1,57.6,8.6,11,1.3,3.2,2320,2645,46.5,58.9,9.8,2.2,2481,-1.31931022661794
"Yemen",82,164,54.4,0.3,22.4,37.5,6,67.6,67.1,60.6,7.7,10.5,2.9,5.1,176,2428,45.5,63.8,9.1,3.2,1314,-1.55947837250678
"Burkina Faso",62.1,320,110.5,6.3,11.3,17.1,57.2,72.7,61,57.5,9.1,9.2,1.6,2.7,1659,2580,44.9,59.3,9.1,2.1,2118,-1.55947837250678
"Mozambique",53.7,289,165.8,42.4,10.8,20.2,77.7,78.9,62.4,56.2,9.8,10.7,2.4,4.1,1096,1304,44.6,59.3,10.2,3.2,1198,-1.18207128611003
"Mali",61.3,562,150.1,27.3,8,15.5,57.7,79.7,60.3,57.6,6.8,7.9,2.4,2.2,1483,2770,42.8,58.9,7.4,2.3,2133,-2.14274386966539
"Burundi",50.5,548,53.6,38.9,7.8,13,79,77.4,63.6,59.7,10.9,10.5,2.5,3.9,668,797,42.6,61.7,10.7,3.1,732,-1.01052261047515
"Central African Republic",67.2,829,160.5,12.9,13.9,31.6,63.3,79.5,56.3,51.6,6.7,9.4,3.1,5.6,770,1162,40.4,53.9,8,4.3,966,-1.93688545890353
"Niger",61.1,509,170.5,25.9,9.2,15.2,61.7,84.3,62.8,60.4,6.3,7.6,1.7,2.8,936,1535,40,61.6,7,2.1,1240,-2.2799828101733
"Chad",65.2,1140,138.3,32.3,7.7,24.4,46.9,69.9,54.3,50.8,6.6,9.5,1.5,3.7,965,1760,39.4,52.5,8,2.6,1364,-1.93688545890353
"South Sudan",58.7,1150,99.2,32.3,26.5,36.4,70.4,73.6,56.5,53.4,4.5,6.6,4.8,6.2,664,873,38.5,55,5.5,5.7,768,-2.79462883707796
